,12_1,12_2,13_1,13_3,14_1,14_4,15_1,15_5,23_2,23_3,24_2,24_4,25_2,25_5,34_3,34_4,35_3,35_5,45_4,45_5
0,2,1180.0,2,500.0,66.0,889.0,370.0,1847.0,8,1100.0,66.0,338.0,370.0,543.0,66.0,605.0,370.0,1453.0,370.0,459.0
1,5,879.0,5,1595.0,69.0,1847.0,385.0,1152.0,16,1486.0,69.0,1144.0,385.0,679.0,69.0,2054.0,385.0,1080.0,385.0,920.0
2,14,1974.0,14,1578.0,84.0,1759.0,399.0,1468.0,24,1139.0,84.0,264.0,399.0,1784.0,84.0,1820.0,399.0,1365.0,399.0,336.0
3,22,1095.0,22,1419.0,99.0,914.0,448.0,2035.0,38,190.0,99.0,1667.0,448.0,277.0,99.0,700.0,448.0,1042.0,448.0,1517.0
4,40,1927.0,40,1169.0,122.0,1499.0,454.0,1945.0,55,1730.0,122.0,1719.0,454.0,2126.0,122.0,584.0,454.0,2105.0,454.0,1813.0
5,41,1554.0,41,2018.0,125.0,446.0,722.0,1443.0,60,613.0,125.0,1535.0,722.0,2081.0,125.0,1555.0,722.0,1558.0,722.0,1231.0
6,43,654.0,43,657.0,140.0,2119.0,772.0,914.0,79,978.0,140.0,1627.0,772.0,1704.0,140.0,1311.0,772.0,1247.0,772.0,1165.0
7,45,1403.0,45,1286.0,148.0,119.0,796.0,1580.0,80,876.0,148.0,1269.0,796.0,65.0,148.0,1628.0,796.0,1482.0,796.0,689.0
8,50,701.0,50,661.0,176.0,404.0,1054.0,1499.0,83,1660.0,176.0,1632.0,1054.0,15.0,176.0,1302.0,1054.0,1694.0,1054.0,122.0
9,58,963.0,58,1824.0,193.0,2035.0,1058.0,2005.0,95,698.0,193.0,1160.0,1058.0,527.0,193.0,1049.0,1058.0,833.0,1058.0,1428.0
10,67,451.0,67,225.0,197.0,1030.0,1406.0,1687.0,116,56.0,197.0,337.0,1406.0,101.0,197.0,73.0,1406.0,844.0,1406.0,1717.0
11,74,665.0,74,1988.0,234.0,291.0,1485.0,775.0,126,760.0,234.0,1387.0,1485.0,1999.0,234.0,1317.0,1485.0,2118.0,1485.0,1852.0
12,89,1273.0,89,900.0,245.0,131.0,1589.0,214.0,143,725.0,245.0,1398.0,1589.0,353.0,245.0,690.0,1589.0,280.0,1589.0,663.0
13,91,1963.0,91,849.0,274.0,179.0,1600.0,944.0,155,1328.0,274.0,2059.0,1600.0,2000.0,274.0,731.0,1600.0,1959.0,1600.0,1026.0
14,93,424.0,93,407.0,334.0,299.0,1847.0,,162,1329.0,334.0,1459.0,543.0,,334.0,739.0,1453.0,,459.0,
15,96,56.0,96,1024.0,336.0,843.0,1152.0,,165,279.0,336.0,257.0,679.0,,336.0,881.0,1080.0,,920.0,
16,105,899.0,105,1244.0,345.0,1882.0,1468.0,,167,1565.0,345.0,2101.0,1784.0,,345.0,1550.0,1365.0,,336.0,
17,114,1556.0,114,275.0,347.0,1152.0,2035.0,,170,974.0,347.0,1156.0,277.0,,347.0,600.0,1042.0,,1517.0,
18,118,1398.0,118,2094.0,350.0,231.0,1945.0,,183,1359.0,350.0,108.0,2126.0,,350.0,595.0,2105.0,,1813.0,
19,119,133.0,119,620.0,357.0,1124.0,1443.0,,188,380.0,357.0,1794.0,2081.0,,357.0,1925.0,1558.0,,1231.0,
20,123,190.0,123,540.0,388.0,1896.0,914.0,,191,1762.0,388.0,696.0,1704.0,,388.0,1270.0,1247.0,,1165.0,
21,131,813.0,131,870.0,409.0,173.0,1580.0,,199,1640.0,409.0,913.0,65.0,,409.0,126.0,1482.0,,689.0,
22,160,2143.0,160,1206.0,415.0,2140.0,1499.0,,205,1071.0,415.0,588.0,15.0,,415.0,440.0,1694.0,,122.0,
23,173,1864.0,173,228.0,427.0,1687.0,2005.0,,208,2026.0,427.0,1454.0,527.0,,427.0,1319.0,833.0,,1428.0,
24,174,1296.0,174,1542.0,459.0,1215.0,1687.0,,212,482.0,459.0,1673.0,101.0,,459.0,1339.0,844.0,,1717.0,
25,179,2101.0,179,881.0,474.0,775.0,775.0,,223,1374.0,474.0,329.0,1999.0,,474.0,566.0,2118.0,,1852.0,
26,198,707.0,198,1063.0,480.0,992.0,214.0,,224,265.0,480.0,1700.0,353.0,,480.0,635.0,280.0,,663.0,
27,201,1156.0,201,856.0,488.0,201.0,944.0,,225,1305.0,488.0,543.0,2000.0,,488.0,1854.0,1959.0,,1026.0,
28,203,1606.0,203,1423.0,508.0,1047.0,,,226,828.0,508.0,2051.0,,,508.0,333.0,,,,
29,206,369.0,206,1521.0,516.0,865.0,,,233,1174.0,516.0,515.0,,,516.0,756.0,,,,
30,207,1515.0,207,866.0,518.0,1945.0,,,237,158.0,518.0,1918.0,,,518.0,1571.0,,,,
31,211,1457.0,211,2024.0,548.0,1468.0,,,238,694.0,548.0,2090.0,,,548.0,1055.0,,,,
32,214,986.0,214,820.0,567.0,681.0,,,239,2103.0,567.0,1966.0,,,567.0,1831.0,,,,
33,219,1762.0,219,406.0,568.0,1275.0,,,247,922.0,568.0,727.0,,,568.0,1103.0,,,,
34,220,946.0,220,632.0,633.0,893.0,,,253,580.0,633.0,146.0,,,633.0,1221.0,,,,
35,231,1917.0,231,192.0,639.0,1947.0,,,275,765.0,639.0,1151.0,,,639.0,1238.0,,,,
36,232,1889.0,232,1538.0,646.0,1575.0,,,296,181.0,646.0,1228.0,,,646.0,1777.0,,,,
37,240,789.0,240,1211.0,648.0,1529.0,,,326,1078.0,648.0,1855.0,,,648.0,481.0,,,,
38,243,266.0,243,1886.0,663.0,1123.0,,,333,2090.0,663.0,1429.0,,,663.0,2109.0,,,,
39,251,1216.0,251,237.0,673.0,2005.0,,,335,1562.0,673.0,1205.0,,,673.0,359.0,,,,
40,259,524.0,259,1087.0,680.0,320.0,,,366,802.0,680.0,110.0,,,680.0,1965.0,,,,
41,260,785.0,260,1756.0,685.0,1580.0,,,372,1313.0,685.0,1510.0,,,685.0,226.0,,,,
42,267,1017.0,267,1984.0,689.0,2015.0,,,407,513.0,689.0,533.0,,,689.0,64.0,,,,
43,269,1676.0,269,1725.0,732.0,1492.0,,,411,1560.0,732.0,1730.0,,,732.0,1040.0,,,,
44,270,377.0,270,1703.0,747.0,243.0,,,420,830.0,747.0,1291.0,,,747.0,1491.0,,,,
45,285,1625.0,285,383.0,783.0,1544.0,,,429,696.0,783.0,1975.0,,,783.0,132.0,,,,
46,290,28.0,290,952.0,808.0,1837.0,,,433,266.0,808.0,753.0,,,808.0,143.0,,,,
47,291,430.0,291,1356.0,818.0,944.0,,,452,1397.0,818.0,961.0,,,818.0,153.0,,,,
48,292,319.0,292,1076.0,838.0,1622.0,,,463,209.0,838.0,541.0,,,838.0,382.0,,,,
49,295,2048.0,295,1964.0,845.0,416.0,,,475,37.0,845.0,840.0,,,845.0,463.0,,,,
50,297,1394.0,297,1451.0,854.0,1277.0,,,481,376.0,854.0,1972.0,,,854.0,1324.0,,,,
51,299,1287.0,299,1437.0,906.0,1203.0,,,495,1774.0,906.0,166.0,,,906.0,177.0,,,,
52,300,159.0,300,684.0,920.0,617.0,,,498,527.0,920.0,1816.0,,,920.0,1323.0,,,,
53,304,400.0,304,938.0,951.0,734.0,,,525,101.0,951.0,1331.0,,,951.0,150.0,,,,
54,308,10.0,308,1969.0,979.0,1528.0,,,545,1134.0,979.0,875.0,,,979.0,351.0,,,,
55,310,246.0,310,1444.0,994.0,919.0,,,553,1465.0,994.0,365.0,,,994.0,164.0,,,,
56,312,1422.0,312,793.0,1022.0,89.0,,,579,740.0,1022.0,305.0,,,1022.0,1836.0,,,,
57,317,57.0,317,534.0,1026.0,396.0,,,592,1101.0,1026.0,740.0,,,1026.0,1933.0,,,,
58,320,286.0,320,553.0,1052.0,1698.0,,,595,1564.0,1052.0,380.0,,,1052.0,1268.0,,,,
59,360,1227.0,360,1314.0,1065.0,1418.0,,,599,1426.0,1065.0,1740.0,,,1065.0,2032.0,,,,
60,362,111.0,362,670.0,1070.0,2019.0,,,607,692.0,1070.0,1138.0,,,1070.0,625.0,,,,
61,386,1359.0,386,1785.0,1115.0,630.0,,,615,1976.0,1115.0,642.0,,,1115.0,223.0,,,,
62,387,1322.0,387,1793.0,1133.0,981.0,,,616,1159.0,1133.0,1069.0,,,1133.0,746.0,,,,
63,394,621.0,394,1822.0,1165.0,1519.0,,,620,1535.0,1165.0,1364.0,,,1165.0,1247.0,,,,
64,396,1021.0,396,379.0,1175.0,1137.0,,,623,1899.0,1175.0,678.0,,,1175.0,1072.0,,,,
65,401,1620.0,401,863.0,1177.0,1443.0,,,626,496.0,1177.0,755.0,,,1177.0,165.0,,,,
66,403,552.0,403,60.0,1181.0,1373.0,,,628,1671.0,1181.0,417.0,,,1181.0,1087.0,,,,
67,404,417.0,404,1171.0,1212.0,1776.0,,,636,273.0,1212.0,1377.0,,,1212.0,1856.0,,,,
68,410,1957.0,410,2002.0,1220.0,1120.0,,,645,983.0,1220.0,1059.0,,,1220.0,984.0,,,,
69,416,2107.0,416,638.0,1231.0,693.0,,,658,588.0,1231.0,1518.0,,,1231.0,602.0,,,,
70,421,1705.0,421,11.0,1234.0,160.0,,,669,166.0,1234.0,1330.0,,,1234.0,1959.0,,,,
71,431,1771.0,431,1633.0,1241.0,593.0,,,677,879.0,1241.0,1501.0,,,1241.0,1477.0,,,,
72,444,641.0,444,940.0,1251.0,211.0,,,687,1708.0,1251.0,974.0,,,1251.0,677.0,,,,
73,446,1299.0,446,2028.0,1259.0,96.0,,,690,608.0,1259.0,322.0,,,1259.0,1863.0,,,,
74,449,1880.0,449,479.0,1271.0,1971.0,,,703,134.0,1271.0,531.0,,,1271.0,1307.0,,,,
75,453,311.0,453,887.0,1367.0,1497.0,,,717,1368.0,1367.0,1536.0,,,1367.0,894.0,,,,
76,494,25.0,494,1140.0,1399.0,1680.0,,,729,68.0,1399.0,1848.0,,,1399.0,1997.0,,,,
77,497,1466.0,497,12.0,1428.0,1523.0,,,730,87.0,1428.0,402.0,,,1428.0,2094.0,,,,
78,509,1414.0,509,726.0,1472.0,1163.0,,,746,152.0,1472.0,489.0,,,1472.0,1690.0,,,,
79,517,2095.0,517,1383.0,1476.0,826.0,,,761,23.0,1476.0,328.0,,,1476.0,435.0,,,,
80,530,1552.0,530,1558.0,1488.0,1596.0,,,766,1649.0,1488.0,266.0,,,1488.0,247.0,,,,
81,535,1179.0,535,80.0,1517.0,214.0,,,769,1357.0,1517.0,1704.0,,,1517.0,1651.0,,,,
82,539,643.0,539,993.0,1532.0,1706.0,,,771,1233.0,1532.0,1712.0,,,1532.0,462.0,,,,
83,544,831.0,544,1197.0,1537.0,778.0,,,820,1048.0,1537.0,15.0,,,1537.0,1694.0,,,,
84,549,1108.0,549,1049.0,1591.0,892.0,,,833,1868.0,1591.0,1946.0,,,1591.0,1010.0,,,,
85,550,1089.0,550,1432.0,1621.0,1289.0,,,844,1939.0,1621.0,1993.0,,,1621.0,208.0,,,,
86,555,1899.0,555,1193.0,1653.0,1161.0,,,853,570.0,1653.0,1351.0,,,1653.0,1570.0,,,,
87,574,128.0,574,249.0,1658.0,449.0,,,860,631.0,1658.0,2127.0,,,1658.0,1257.0,,,,
88,577,2030.0,577,599.0,1666.0,1194.0,,,861,1620.0,1666.0,1125.0,,,1666.0,971.0,,,,
89,578,582.0,578,352.0,1674.0,1182.0,,,866,1723.0,1674.0,2010.0,,,1674.0,738.0,,,,
90,583,1164.0,583,800.0,1684.0,1372.0,,,905,867.0,1684.0,1562.0,,,1684.0,161.0,,,,
91,593,2103.0,593,995.0,1688.0,1721.0,,,911,986.0,1688.0,2025.0,,,1688.0,1539.0,,,,
92,596,1315.0,596,202.0,1713.0,58.0,,,917,656.0,1713.0,470.0,,,1713.0,1798.0,,,,
93,604,1923.0,604,712.0,1717.0,855.0,,,937,921.0,1717.0,1646.0,,,1717.0,2105.0,,,,
94,617,725.0,617,469.0,1727.0,604.0,,,938,146.0,1727.0,1939.0,,,1727.0,615.0,,,,
95,630,974.0,630,95.0,1737.0,956.0,,,943,1125.0,1737.0,461.0,,,1737.0,1549.0,,,,
96,649,1818.0,649,612.0,1751.0,1786.0,,,947,1952.0,1751.0,794.0,,,1751.0,192.0,,,,
97,655,44.0,655,420.0,1765.0,1825.0,,,949,314.0,1765.0,1359.0,,,1765.0,997.0,,,,
98,662,676.0,662,623.0,1772.0,970.0,,,966,1355.0,1772.0,2136.0,,,1772.0,162.0,,,,
99,666,77.0,666,558.0,1813.0,1011.0,,,968,1672.0,1813.0,839.0,,,1813.0,1579.0,,,,
100,681,277.0,681,1431.0,1823.0,410.0,,,971,1862.0,1823.0,1381.0,,,1823.0,1953.0,,,,
101,693,948.0,693,223.0,1852.0,1689.0,,,973,925.0,1852.0,978.0,,,1852.0,1595.0,,,,
102,704,1671.0,704,1060.0,1874.0,403.0,,,975,1041.0,1874.0,770.0,,,1874.0,1824.0,,,,
103,709,156.0,709,2074.0,1898.0,1766.0,,,984,236.0,1898.0,1757.0,,,1898.0,339.0,,,,
104,718,760.0,718,907.0,1908.0,953.0,,,993,1021.0,1908.0,68.0,,,1908.0,1079.0,,,,
105,734,650.0,734,1168.0,1915.0,198.0,,,997,727.0,1915.0,882.0,,,1915.0,777.0,,,,
106,736,969.0,736,1420.0,1956.0,930.0,,,1001,1378.0,1956.0,786.0,,,1956.0,820.0,,,,
107,742,1351.0,742,1907.0,1990.0,267.0,,,1012,858.0,1990.0,987.0,,,1990.0,623.0,,,,
108,745,812.0,745,1456.0,1995.0,1446.0,,,1015,283.0,1995.0,653.0,,,1995.0,540.0,,,,
109,750,1088.0,750,382.0,2009.0,1981.0,,,1023,1647.0,2009.0,1554.0,,,2009.0,821.0,,,,
110,773,805.0,773,177.0,2052.0,232.0,,,1029,543.0,2052.0,1938.0,,,2052.0,1788.0,,,,
111,775,1769.0,775,851.0,2069.0,2097.0,,,1031,111.0,2069.0,1139.0,,,2069.0,761.0,,,,
112,778,1810.0,778,116.0,2072.0,1136.0,,,1040,390.0,2072.0,135.0,,,2072.0,1229.0,,,,
113,787,195.0,787,378.0,2075.0,773.0,,,1042,872.0,2075.0,563.0,,,2075.0,405.0,,,,
114,797,1775.0,797,1773.0,2085.0,1808.0,,,1061,644.0,2085.0,178.0,,,2085.0,1195.0,,,,
115,798,1043.0,798,171.0,2106.0,1199.0,,,1079,1704.0,2106.0,848.0,,,2106.0,1643.0,,,,
116,801,94.0,801,153.0,2121.0,1932.0,,,1087,1227.0,2121.0,1868.0,,,2121.0,1500.0,,,,
117,807,1205.0,807,575.0,2142.0,1601.0,,,1119,1879.0,2142.0,314.0,,,2142.0,1707.0,,,,
118,810,1695.0,810,607.0,889.0,,,,1140,1122.0,338.0,,,,605.0,,,,,
119,811,1581.0,811,1366.0,1847.0,,,,1143,412.0,1144.0,,,,2054.0,,,,,
120,824,468.0,824,2128.0,1759.0,,,,1150,1331.0,264.0,,,,1820.0,,,,,
121,826,72.0,826,559.0,914.0,,,,1153,1999.0,1667.0,,,,700.0,,,,,
122,827,876.0,827,1025.0,1499.0,,,,1171,1138.0,1719.0,,,,584.0,,,,,
123,835,614.0,835,262.0,446.0,,,,1195,1448.0,1535.0,,,,1555.0,,,,,
124,843,2100.0,843,1967.0,2119.0,,,,1200,325.0,1627.0,,,,1311.0,,,,,
125,855,1569.0,855,1763.0,119.0,,,,1219,1459.0,1269.0,,,,1628.0,,,,,
126,862,31.0,862,763.0,404.0,,,,1221,2041.0,1632.0,,,,1302.0,,,,,
127,865,765.0,865,20.0,2035.0,,,,1238,2116.0,1160.0,,,,1049.0,,,,,
128,868,425.0,868,1143.0,1030.0,,,,1240,1681.0,337.0,,,,73.0,,,,,
129,874,721.0,874,1170.0,291.0,,,,1244,948.0,1387.0,,,,1317.0,,,,,
130,880,75.0,880,1854.0,131.0,,,,1246,654.0,1398.0,,,,690.0,,,,,
131,888,1795.0,888,1031.0,179.0,,,,1247,1304.0,2059.0,,,,731.0,,,,,
132,889,1355.0,889,1845.0,299.0,,,,1255,1172.0,1459.0,,,,739.0,,,,,
133,891,37.0,891,233.0,843.0,,,,1257,1645.0,257.0,,,,881.0,,,,,
134,892,306.0,892,191.0,1882.0,,,,1258,1522.0,2101.0,,,,1550.0,,,,,
135,893,637.0,893,1001.0,1152.0,,,,1260,2127.0,1156.0,,,,600.0,,,,,
136,902,1155.0,902,1796.0,231.0,,,,1274,915.0,108.0,,,,595.0,,,,,
137,903,1952.0,903,1358.0,1124.0,,,,1290,413.0,1794.0,,,,1925.0,,,,,
138,914,1436.0,914,1669.0,1896.0,,,,1293,2037.0,696.0,,,,1270.0,,,,,
139,919,157.0,919,2096.0,173.0,,,,1311,1417.0,913.0,,,,126.0,,,,,
140,923,1005.0,923,1460.0,2140.0,,,,1316,2059.0,588.0,,,,440.0,,,,,
141,928,1840.0,928,687.0,1687.0,,,,1317,1652.0,1454.0,,,,1319.0,,,,,
142,930,619.0,930,1091.0,1215.0,,,,1325,135.0,1673.0,,,,1339.0,,,,,
143,936,1178.0,936,1013.0,775.0,,,,1339,1709.0,329.0,,,,566.0,,,,,
144,939,1954.0,939,594.0,992.0,,,,1345,458.0,1700.0,,,,635.0,,,,,
145,944,699.0,944,150.0,201.0,,,,1356,1594.0,543.0,,,,1854.0,,,,,
146,953,1006.0,953,339.0,1047.0,,,,1375,456.0,2051.0,,,,333.0,,,,,
147,956,85.0,956,832.0,865.0,,,,1396,1739.0,515.0,,,,756.0,,,,,
148,958,1298.0,958,1661.0,1945.0,,,,1401,1436.0,1918.0,,,,1571.0,,,,,
149,965,1804.0,965,895.0,1468.0,,,,1407,2000.0,2090.0,,,,1055.0,,,,,
150,970,1503.0,970,499.0,681.0,,,,1419,1057.0,1966.0,,,,1831.0,,,,,
151,981,1611.0,981,261.0,1275.0,,,,1431,1829.0,727.0,,,,1103.0,,,,,
152,992,532.0,992,253.0,893.0,,,,1444,1656.0,146.0,,,,1221.0,,,,,
153,1000,1295.0,1000,24.0,1947.0,,,,1447,2030.0,1151.0,,,,1238.0,,,,,
154,1007,1209.0,1007,674.0,1575.0,,,,1460,1107.0,1228.0,,,,1777.0,,,,,
155,1008,1701.0,1008,502.0,1529.0,,,,1471,1667.0,1855.0,,,,481.0,,,,,
156,1011,458.0,1011,1061.0,1123.0,,,,1490,1254.0,1429.0,,,,2109.0,,,,,
157,1030,1598.0,1030,434.0,2005.0,,,,1496,753.0,1205.0,,,,359.0,,,,,
158,1034,135.0,1034,1482.0,320.0,,,,1508,1351.0,110.0,,,,1965.0,,,,,
159,1035,692.0,1035,1616.0,1580.0,,,,1538,1929.0,1510.0,,,,226.0,,,,,
160,1039,877.0,1039,1710.0,2015.0,,,,1543,305.0,533.0,,,,64.0,,,,,
161,1047,538.0,1047,788.0,1492.0,,,,1545,2064.0,1730.0,,,,1040.0,,,,,
162,1050,694.0,1050,208.0,243.0,,,,1546,2061.0,1291.0,,,,1491.0,,,,,
163,1053,647.0,1053,1960.0,1544.0,,,,1568,278.0,1975.0,,,,132.0,,,,,
164,1062,1879.0,1062,1037.0,1837.0,,,,1602,1005.0,753.0,,,,143.0,,,,,
165,1075,1843.0,1075,759.0,944.0,,,,1616,533.0,961.0,,,,153.0,,,,,
166,1082,1158.0,1082,1274.0,1622.0,,,,1643,222.0,541.0,,,,382.0,,,,,
167,1084,250.0,1084,115.0,416.0,,,,1648,2126.0,840.0,,,,463.0,,,,,
168,1085,13.0,1085,610.0,1277.0,,,,1675,1144.0,1972.0,,,,1324.0,,,,,
169,1093,804.0,1093,1470.0,1203.0,,,,1694,1224.0,166.0,,,,177.0,,,,,
170,1097,2017.0,1097,435.0,617.0,,,,1697,361.0,1816.0,,,,1323.0,,,,,
171,1099,1148.0,1099,1255.0,734.0,,,,1703,1624.0,1331.0,,,,150.0,,,,,
172,1106,749.0,1106,1842.0,1528.0,,,,1710,327.0,875.0,,,,351.0,,,,,
173,1116,513.0,1116,143.0,919.0,,,,1728,1719.0,365.0,,,,164.0,,,,,
174,1118,1139.0,1118,757.0,89.0,,,,1756,451.0,305.0,,,,1836.0,,,,,
175,1120,222.0,1120,355.0,396.0,,,,1763,2051.0,740.0,,,,1933.0,,,,,
176,1123,631.0,1123,375.0,1698.0,,,,1773,2111.0,380.0,,,,1268.0,,,,,
177,1124,1400.0,1124,973.0,1418.0,,,,1777,967.0,1740.0,,,,2032.0,,,,,
178,1128,1426.0,1128,1873.0,2019.0,,,,1779,374.0,1138.0,,,,625.0,,,,,
179,1132,1557.0,1132,2098.0,630.0,,,,1783,10.0,642.0,,,,223.0,,,,,
180,1136,1003.0,1136,1614.0,981.0,,,,1820,912.0,1069.0,,,,746.0,,,,,
181,1137,629.0,1137,1376.0,1519.0,,,,1832,1506.0,1364.0,,,,1247.0,,,,,
182,1145,1573.0,1145,682.0,1137.0,,,,1839,1017.0,678.0,,,,1072.0,,,,,
183,1152,1467.0,1152,1324.0,1443.0,,,,1846,563.0,755.0,,,,165.0,,,,,
184,1161,1185.0,1161,309.0,1373.0,,,,1875,1156.0,417.0,,,,1087.0,,,,,
185,1163,281.0,1163,2021.0,1776.0,,,,1933,913.0,1377.0,,,,1856.0,,,,,
186,1166,1667.0,1166,2076.0,1120.0,,,,1959,587.0,1059.0,,,,984.0,,,,,
187,1182,526.0,1182,1317.0,693.0,,,,1965,425.0,1518.0,,,,602.0,,,,,
188,1184,1634.0,1184,601.0,160.0,,,,1969,88.0,1330.0,,,,1959.0,,,,,
189,1192,338.0,1192,1690.0,593.0,,,,1977,1712.0,1501.0,,,,1477.0,,,,,
190,1194,606.0,1194,1628.0,211.0,,,,1983,1318.0,974.0,,,,677.0,,,,,
191,1199,1525.0,1199,272.0,1971.0,,,,1987,1237.0,322.0,,,,1863.0,,,,,
192,1202,1937.0,1202,660.0,1497.0,,,,1988,946.0,531.0,,,,1307.0,,,,,
193,1203,1338.0,1203,1576.0,1680.0,,,,2008,609.0,1536.0,,,,894.0,,,,,
194,1210,432.0,1210,493.0,1523.0,,,,2034,1429.0,1848.0,,,,1997.0,,,,,
195,1213,110.0,1213,1384.0,1163.0,,,,2058,552.0,402.0,,,,2094.0,,,,,
196,1215,1306.0,1215,36.0,826.0,,,,2082,1972.0,489.0,,,,1690.0,,,,,
197,1218,950.0,1218,411.0,1596.0,,,,2087,15.0,328.0,,,,435.0,,,,,
198,1232,985.0,1232,1461.0,214.0,,,,2098,1225.0,266.0,,,,247.0,,,,,
199,1250,166.0,1250,536.0,1706.0,,,,2130,883.0,1704.0,,,,1651.0,,,,,
200,1252,1086.0,1252,1311.0,778.0,,,,2131,1743.0,1712.0,,,,462.0,,,,,
201,1262,82.0,1262,739.0,892.0,,,,2134,1131.0,15.0,,,,1694.0,,,,,
202,1263,419.0,1263,697.0,1289.0,,,,6,541.0,1946.0,,,,1010.0,,,,,
203,1264,279.0,1264,161.0,1161.0,,,,7,515.0,1993.0,,,,208.0,,,,,
204,1265,81.0,1265,1339.0,449.0,,,,9,716.0,1351.0,,,,1570.0,,,,,
205,1275,1893.0,1275,217.0,1194.0,,,,11,218.0,2127.0,,,,1257.0,,,,,
206,1277,3.0,1277,79.0,1182.0,,,,12,175.0,1125.0,,,,971.0,,,,,
207,1289,1157.0,1289,2042.0,1372.0,,,,17,898.0,2010.0,,,,738.0,,,,,
208,1292,557.0,1292,1223.0,1721.0,,,,20,1582.0,1562.0,,,,161.0,,,,,
209,1310,2086.0,1310,1146.0,58.0,,,,21,2033.0,2025.0,,,,1539.0,,,,,
210,1312,1829.0,1312,1965.0,855.0,,,,26,561.0,470.0,,,,1798.0,,,,,
211,1326,786.0,1326,1045.0,604.0,,,,30,1009.0,1646.0,,,,2105.0,,,,,
212,1327,1585.0,1327,33.0,956.0,,,,32,1069.0,1939.0,,,,615.0,,,,,
213,1332,840.0,1332,584.0,1786.0,,,,33,701.0,461.0,,,,1549.0,,,,,
214,1346,1134.0,1346,1119.0,1825.0,,,,34,1897.0,794.0,,,,192.0,,,,,
215,1347,1985.0,1347,1586.0,970.0,,,,35,848.0,1359.0,,,,997.0,,,,,
216,1349,1301.0,1349,1902.0,1011.0,,,,36,128.0,2136.0,,,,162.0,,,,,
217,1352,1693.0,1352,1496.0,410.0,,,,46,2138.0,839.0,,,,1579.0,,,,,
218,1353,307.0,1353,1777.0,1689.0,,,,48,381.0,1381.0,,,,1953.0,,,,,
219,1361,1036.0,1361,2108.0,403.0,,,,49,1056.0,978.0,,,,1595.0,,,,,
220,1362,1929.0,1362,1505.0,1766.0,,,,52,144.0,770.0,,,,1824.0,,,,,
221,1371,957.0,1371,2012.0,953.0,,,,63,1216.0,1757.0,,,,339.0,,,,,
222,1372,1608.0,1372,984.0,198.0,,,,64,2117.0,68.0,,,,1079.0,,,,,
223,1373,120.0,1373,366.0,930.0,,,,73,1547.0,882.0,,,,777.0,,,,,
224,1380,470.0,1380,1441.0,267.0,,,,76,571.0,786.0,,,,820.0,,,,,
225,1395,737.0,1395,592.0,1446.0,,,,86,133.0,987.0,,,,623.0,,,,,
226,1412,2038.0,1412,372.0,1981.0,,,,103,1632.0,653.0,,,,540.0,,,,,
227,1415,1381.0,1415,2011.0,232.0,,,,104,369.0,1554.0,,,,821.0,,,,,
228,1418,527.0,1418,1341.0,2097.0,,,,109,1306.0,1938.0,,,,1788.0,,,,,
229,1427,182.0,1427,1895.0,1136.0,,,,112,1993.0,1139.0,,,,761.0,,,,,
230,1430,106.0,1430,566.0,773.0,,,,115,313.0,135.0,,,,1229.0,,,,,
231,1439,624.0,1439,1951.0,1808.0,,,,117,329.0,563.0,,,,405.0,,,,,
232,1442,886.0,1442,1272.0,1199.0,,,,127,2073.0,178.0,,,,1195.0,,,,,
233,1443,1664.0,1443,1217.0,1932.0,,,,132,1348.0,848.0,,,,1643.0,,,,,
234,1445,1655.0,1445,1780.0,1601.0,,,,149,1239.0,1868.0,,,,1500.0,,,,,
235,1446,802.0,1446,2104.0,,,,,150,187.0,314.0,,,,1707.0,,,,,
236,1450,1805.0,1450,1916.0,,,,,151,169.0,,,,,,,,,,
237,1455,1473.0,1455,1618.0,,,,,153,770.0,,,,,,,,,,
238,1468,1848.0,1468,1153.0,,,,,161,1795.0,,,,,,,,,,
239,1474,1486.0,1474,318.0,,,,,163,289.0,,,,,,,,,,
240,1480,1248.0,1480,776.0,,,,,164,1631.0,,,,,,,,,,
241,1489,42.0,1489,224.0,,,,,171,461.0,,,,,,,,,,
242,1492,354.0,1492,1836.0,,,,,177,1204.0,,,,,,,,,,
243,1497,1044.0,1497,744.0,,,,,180,241.0,,,,,,,,,,
244,1499,344.0,1499,495.0,,,,,189,672.0,,,,,,,,,,
245,1509,1105.0,1509,628.0,,,,,192,363.0,,,,,,,,,,
246,1514,918.0,1514,1911.0,,,,,200,1149.0,,,,,,,,,,
247,1519,1692.0,1519,729.0,,,,,202,991.0,,,,,,,,,,
248,1523,1224.0,1523,1365.0,,,,,204,733.0,,,,,,,,,,
249,1524,186.0,1524,1285.0,,,,,210,1402.0,,,,,,,,,,
250,1526,1912.0,1526,1877.0,,,,,213,676.0,,,,,,,,,,
251,1527,364.0,1527,1788.0,,,,,215,341.0,,,,,,,,,,
252,1528,980.0,1528,463.0,,,,,217,1893.0,,,,,,,,,,
253,1529,890.0,1529,1959.0,,,,,228,129.0,,,,,,,,,,
254,1533,302.0,1533,719.0,,,,,244,1095.0,,,,,,,,,,
255,1544,1033.0,1544,1815.0,,,,,248,1209.0,,,,,,,,,,
256,1567,1592.0,1567,1393.0,,,,,249,1692.0,,,,,,,,,,
257,1575,897.0,1575,1826.0,,,,,252,882.0,,,,,,,,,,
258,1580,268.0,1580,949.0,,,,,255,659.0,,,,,,,,,,
259,1587,1498.0,1587,1495.0,,,,,258,954.0,,,,,,,,,,
260,1588,1187.0,1588,615.0,,,,,261,1228.0,,,,,,,,,,
261,1590,342.0,1590,764.0,,,,,262,931.0,,,,,,,,,,
262,1596,795.0,1596,1926.0,,,,,271,1617.0,,,,,,,,,,
263,1597,1174.0,1597,442.0,,,,,272,82.0,,,,,,,,,,
264,1599,235.0,1599,1828.0,,,,,280,1083.0,,,,,,,,,,
265,1601,397.0,1601,1435.0,,,,,284,477.0,,,,,,,,,,
266,1604,496.0,1604,210.0,,,,,293,1966.0,,,,,,,,,,
267,1613,512.0,1613,769.0,,,,,301,585.0,,,,,,,,,,
268,1615,519.0,1615,741.0,,,,,309,1226.0,,,,,,,,,,
269,1619,172.0,1619,485.0,,,,,315,142.0,,,,,,,,,,
270,1622,1479.0,1622,1677.0,,,,,318,72.0,,,,,,,,,,
271,1639,2006.0,1639,1258.0,,,,,321,511.0,,,,,,,,,,
272,1670,991.0,1670,1732.0,,,,,324,353.0,,,,,,,,,,
273,1679,1652.0,1679,904.0,,,,,339,277.0,,,,,,,,,,
274,1680,1641.0,1680,359.0,,,,,348,1276.0,,,,,,,,,,
275,1682,976.0,1682,731.0,,,,,349,1864.0,,,,,,,,,,
276,1683,1663.0,1683,1782.0,,,,,351,634.0,,,,,,,,,,
277,1687,1201.0,1687,626.0,,,,,352,423.0,,,,,,,,,,
278,1689,316.0,1689,491.0,,,,,355,422.0,,,,,,,,,,
279,1696,428.0,1696,321.0,,,,,359,402.0,,,,,,,,,,
280,1698,144.0,1698,472.0,,,,,368,1205.0,,,,,,,,,,
281,1706,402.0,1706,850.0,,,,,375,61.0,,,,,,,,,,
282,1714,2027.0,1714,1803.0,,,,,378,1525.0,,,,,,,,,,
283,1715,2115.0,1715,38.0,,,,,379,1278.0,,,,,,,,,,
284,1721,1738.0,1721,301.0,,,,,382,18.0,,,,,,,,,,
285,1726,743.0,1726,814.0,,,,,383,185.0,,,,,,,,,,
286,1729,753.0,1729,1375.0,,,,,384,1646.0,,,,,,,,,,
287,1741,0.0,1741,1117.0,,,,,391,1188.0,,,,,,,,,,
288,1742,503.0,1742,1102.0,,,,,392,1516.0,,,,,,,,,,
289,1745,158.0,1745,1098.0,,,,,405,890.0,,,,,,,,,,
290,1747,327.0,1747,109.0,,,,,406,1685.0,,,,,,,,,,
291,1753,492.0,1753,1821.0,,,,,426,489.0,,,,,,,,,,
292,1759,1630.0,1759,450.0,,,,,434,982.0,,,,,,,,,,
293,1766,129.0,1766,1900.0,,,,,435,1129.0,,,,,,,,,,
294,1776,1279.0,1776,1568.0,,,,,439,531.0,,,,,,,,,,
295,1781,1938.0,1781,2122.0,,,,,440,1196.0,,,,,,,,,,
296,1786,531.0,1786,55.0,,,,,442,1463.0,,,,,,,,,,
297,1797,2004.0,1797,1176.0,,,,,443,1757.0,,,,,,,,,,
298,1799,1389.0,1799,1694.0,,,,,445,1147.0,,,,,,,,,,
299,1800,97.0,1800,2040.0,,,,,450,526.0,,,,,,,,,,
300,1802,328.0,1802,1319.0,,,,,460,307.0,,,,,,,,,,
301,1807,511.0,1807,200.0,,,,,462,1044.0,,,,,,,,,,
302,1808,1790.0,1808,1391.0,,,,,465,711.0,,,,,,,,,,
303,1809,683.0,1809,1724.0,,,,,466,408.0,,,,,,,,,,
304,1825,1767.0,1825,781.0,,,,,467,1498.0,,,,,,,,,,
305,1834,1320.0,1834,212.0,,,,,469,1752.0,,,,,,,,,,
306,1837,2078.0,1837,405.0,,,,,472,1905.0,,,,,,,,,,
307,1847,934.0,1847,280.0,,,,,473,124.0,,,,,,,,,,
308,1850,942.0,1850,1502.0,,,,,476,1422.0,,,,,,,,,,
309,1858,1735.0,1858,46.0,,,,,479,1478.0,,,,,,,,,,
310,1861,1561.0,1861,1978.0,,,,,483,294.0,,,,,,,,,,
311,1878,1975.0,1878,1222.0,,,,,485,1112.0,,,,,,,,,,
312,1882,989.0,1882,1870.0,,,,,490,1360.0,,,,,,,,,,
313,1885,264.0,1885,1396.0,,,,,491,1833.0,,,,,,,,,,
314,1888,723.0,1888,226.0,,,,,493,1160.0,,,,,,,,,,
315,1896,998.0,1896,1832.0,,,,,499,441.0,,,,,,,,,,
316,1903,935.0,1903,1405.0,,,,,500,216.0,,,,,,,,,,
317,1906,1708.0,1906,1987.0,,,,,502,1142.0,,,,,,,,,,
318,1920,1966.0,1920,284.0,,,,,504,1503.0,,,,,,,,,,
319,1921,1002.0,1921,545.0,,,,,505,1554.0,,,,,,,,,,
320,1932,1789.0,1932,1350.0,,,,,506,1867.0,,,,,,,,,,
321,1941,587.0,1941,239.0,,,,,514,960.0,,,,,,,,,,
322,1942,113.0,1942,315.0,,,,,522,839.0,,,,,,,,,,
323,1945,487.0,1945,857.0,,,,,528,1889.0,,,,,,,,,,
324,1947,882.0,1947,1404.0,,,,,529,1638.0,,,,,,,,,,
325,1970,1408.0,1970,1635.0,,,,,534,2114.0,,,,,,,,,,
326,1971,858.0,1971,164.0,,,,,536,918.0,,,,,,,,,,
327,1973,393.0,1973,1570.0,,,,,537,1913.0,,,,,,,,,,
328,1979,422.0,1979,809.0,,,,,540,1301.0,,,,,,,,,,
329,1981,1463.0,1981,127.0,,,,,554,1501.0,,,,,,,,,,
330,1982,1716.0,1982,30.0,,,,,558,551.0,,,,,,,,,,
331,1991,1868.0,1991,761.0,,,,,559,1016.0,,,,,,,,,,
332,1992,2045.0,1992,1539.0,,,,,562,878.0,,,,,,,,,,
333,1996,1646.0,1996,2054.0,,,,,564,2084.0,,,,,,,,,,
334,2005,1819.0,2005,611.0,,,,,566,1790.0,,,,,,,,,,
335,2013,825.0,2013,1846.0,,,,,569,1625.0,,,,,,,,,,
336,2015,390.0,2015,1130.0,,,,,572,417.0,,,,,,,,,,
337,2019,98.0,2019,1707.0,,,,,575,1744.0,,,,,,,,,,
338,2031,53.0,2031,1410.0,,,,,581,691.0,,,,,,,,,,
339,2035,1348.0,2035,1755.0,,,,,584,1840.0,,,,,,,,,,
340,2036,1051.0,2036,1342.0,,,,,591,708.0,,,,,,,,,,
341,2039,242.0,2039,873.0,,,,,594,121.0,,,,,,,,,,
342,2043,62.0,2043,1857.0,,,,,600,1081.0,,,,,,,,,,
343,2046,1173.0,2046,83.0,,,,,601,1343.0,,,,,,,,,,
344,2049,613.0,2049,522.0,,,,,602,437.0,,,,,,,,,,
345,2053,337.0,2053,562.0,,,,,605,1507.0,,,,,,,,,,
346,2055,1057.0,2055,443.0,,,,,610,822.0,,,,,,,,,,
347,2057,154.0,2057,1566.0,,,,,611,94.0,,,,,,,,,,
348,2062,912.0,2062,506.0,,,,,612,3.0,,,,,,,,,,
349,2063,1624.0,2063,1494.0,,,,,625,707.0,,,,,,,,,,
350,2071,1787.0,2071,1872.0,,,,,627,1812.0,,,,,,,,,,
351,2080,343.0,2080,1421.0,,,,,632,546.0,,,,,,,,,,
352,2088,412.0,2088,730.0,,,,,635,1634.0,,,,,,,,,,
353,2097,1328.0,2097,2133.0,,,,,638,1510.0,,,,,,,,,,
354,2099,1709.0,2099,1551.0,,,,,652,100.0,,,,,,,,,,
355,2112,1901.0,2112,21.0,,,,,657,1927.0,,,,,,,,,,
356,2119,603.0,2119,213.0,,,,,660,1201.0,,,,,,,,,,
357,2123,987.0,2123,238.0,,,,,661,1322.0,,,,,,,,,,
358,2137,713.0,2137,6.0,,,,,667,1901.0,,,,,,,,,,
359,2140,305.0,2140,636.0,,,,,670,2083.0,,,,,,,,,,
360,1180,,500,,,,,,671,985.0,,,,,,,,,,
361,879,,1595,,,,,,674,2016.0,,,,,,,,,,
362,1974,,1578,,,,,,682,852.0,,,,,,,,,,
363,1095,,1419,,,,,,684,154.0,,,,,,,,,,
364,1927,,1169,,,,,,695,1400.0,,,,,,,,,,
365,1554,,2018,,,,,,697,1261.0,,,,,,,,,,
366,654,,657,,,,,,700,1513.0,,,,,,,,,,
367,1403,,1286,,,,,,706,393.0,,,,,,,,,,
368,701,,661,,,,,,710,1830.0,,,,,,,,,,
369,963,,1824,,,,,,712,1881.0,,,,,,,,,,
370,451,,225,,,,,,715,780.0,,,,,,,,,,
371,665,,1988,,,,,,719,2101.0,,,,,,,,,,
372,1273,,900,,,,,,726,501.0,,,,,,,,,,
373,1963,,849,,,,,,731,942.0,,,,,,,,,,
374,424,,407,,,,,,738,598.0,,,,,,,,,,
375,56,,1024,,,,,,739,989.0,,,,,,,,,,
376,899,,1244,,,,,,741,1699.0,,,,,,,,,,
377,1556,,275,,,,,,744,1980.0,,,,,,,,,,
378,1398,,2094,,,,,,748,751.0,,,,,,,,,,
379,133,,620,,,,,,752,819.0,,,,,,,,,,
380,190,,540,,,,,,756,1627.0,,,,,,,,,,
381,813,,870,,,,,,757,70.0,,,,,,,,,,
382,2143,,1206,,,,,,759,668.0,,,,,,,,,,
383,1864,,228,,,,,,762,311.0,,,,,,,,,,
384,1296,,1542,,,,,,763,2047.0,,,,,,,,,,
385,2101,,881,,,,,,764,1386.0,,,,,,,,,,
386,707,,1063,,,,,,774,1552.0,,,,,,,,,,
387,1156,,856,,,,,,776,1377.0,,,,,,,,,,
388,1606,,1423,,,,,,777,1190.0,,,,,,,,,,
389,369,,1521,,,,,,781,108.0,,,,,,,,,,
390,1515,,866,,,,,,784,2136.0,,,,,,,,,,
391,1457,,2024,,,,,,788,2120.0,,,,,,,,,,
392,986,,820,,,,,,790,1950.0,,,,,,,,,,
393,1762,,406,,,,,,791,990.0,,,,,,,,,,
394,946,,632,,,,,,793,1998.0,,,,,,,,,,
395,1917,,192,,,,,,800,184.0,,,,,,,,,,
396,1889,,1538,,,,,,806,651.0,,,,,,,,,,
397,789,,1211,,,,,,809,286.0,,,,,,,,,,
398,266,,1886,,,,,,814,664.0,,,,,,,,,,
399,1216,,237,,,,,,815,323.0,,,,,,,,,,
400,524,,1087,,,,,,821,597.0,,,,,,,,,,
401,785,,1756,,,,,,823,521.0,,,,,,,,,,
402,1017,,1984,,,,,,829,1235.0,,,,,,,,,,
403,1676,,1725,,,,,,832,398.0,,,,,,,,,,
404,377,,1703,,,,,,836,1740.0,,,,,,,,,,
405,1625,,383,,,,,,837,75.0,,,,,,,,,,
406,28,,952,,,,,,841,1676.0,,,,,,,,,,
407,430,,1356,,,,,,842,1127.0,,,,,,,,,,
408,319,,1076,,,,,,847,141.0,,,,,,,,,,
409,2048,,1964,,,,,,849,2027.0,,,,,,,,,,
410,1394,,1451,,,,,,850,367.0,,,,,,,,,,
411,1287,,1437,,,,,,851,1577.0,,,,,,,,,,
412,159,,684,,,,,,856,1938.0,,,,,,,,,,
413,400,,938,,,,,,857,31.0,,,,,,,,,,
414,10,,1969,,,,,,863,281.0,,,,,,,,,,
415,246,,1444,,,,,,869,1611.0,,,,,,,,,,
416,1422,,793,,,,,,870,642.0,,,,,,,,,,
417,57,,534,,,,,,873,641.0,,,,,,,,,,
418,286,,553,,,,,,881,1036.0,,,,,,,,,,
419,1227,,1314,,,,,,887,1518.0,,,,,,,,,,
420,111,,670,,,,,,894,1387.0,,,,,,,,,,
421,1359,,1785,,,,,,895,1662.0,,,,,,,,,,
422,1322,,1793,,,,,,896,886.0,,,,,,,,,,
423,621,,1822,,,,,,900,221.0,,,,,,,,,,
424,1021,,379,,,,,,901,268.0,,,,,,,,,,
425,1620,,863,,,,,,904,19.0,,,,,,,,,,
426,552,,60,,,,,,907,924.0,,,,,,,,,,
427,417,,1171,,,,,,909,356.0,,,,,,,,,,
428,1957,,2002,,,,,,910,1466.0,,,,,,,,,,
429,2107,,638,,,,,,927,364.0,,,,,,,,,,
430,1705,,11,,,,,,929,557.0,,,,,,,,,,
431,1771,,1633,,,,,,932,1750.0,,,,,,,,,,
432,641,,940,,,,,,940,934.0,,,,,,,,,,
433,1299,,2028,,,,,,945,1096.0,,,,,,,,,,
434,1880,,479,,,,,,952,53.0,,,,,,,,,,
435,311,,887,,,,,,972,1954.0,,,,,,,,,,
436,25,,1140,,,,,,977,484.0,,,,,,,,,,
437,1466,,12,,,,,,988,1784.0,,,,,,,,,,
438,1414,,726,,,,,,995,1711.0,,,,,,,,,,
439,2095,,1383,,,,,,999,1584.0,,,,,,,,,,
440,1552,,1558,,,,,,1010,831.0,,,,,,,,,,
441,1179,,80,,,,,,1013,2048.0,,,,,,,,,,
442,643,,993,,,,,,1014,2113.0,,,,,,,,,,
443,831,,1197,,,,,,1019,1282.0,,,,,,,,,,
444,1108,,1049,,,,,,1020,1479.0,,,,,,,,,,
445,1089,,1432,,,,,,1024,1381.0,,,,,,,,,,
446,1899,,1193,,,,,,1025,1186.0,,,,,,,,,,
447,128,,249,,,,,,1028,1059.0,,,,,,,,,,
448,2030,,599,,,,,,1037,306.0,,,,,,,,,,
449,582,,352,,,,,,1038,1975.0,,,,,,,,,,
450,1164,,800,,,,,,1045,65.0,,,,,,,,,,
451,2103,,995,,,,,,1046,1894.0,,,,,,,,,,
452,1315,,202,,,,,,1049,1291.0,,,,,,,,,,
453,1923,,712,,,,,,1055,1819.0,,,,,,,,,,
454,725,,469,,,,,,1060,358.0,,,,,,,,,,
455,974,,95,,,,,,1063,4.0,,,,,,,,,,
456,1818,,612,,,,,,1066,343.0,,,,,,,,,,
457,44,,420,,,,,,1068,998.0,,,,,,,,,,
458,676,,623,,,,,,1072,78.0,,,,,,,,,,
459,77,,558,,,,,,1074,1027.0,,,,,,,,,,
460,277,,1431,,,,,,1076,1700.0,,,,,,,,,,
461,948,,223,,,,,,1077,2078.0,,,,,,,,,,
462,1671,,1060,,,,,,1080,344.0,,,,,,,,,,
463,156,,2074,,,,,,1090,264.0,,,,,,,,,,
464,760,,907,,,,,,1091,1884.0,,,,,,,,,,
465,650,,1168,,,,,,1092,1158.0,,,,,,,,,,
466,969,,1420,,,,,,1094,532.0,,,,,,,,,,
467,1351,,1907,,,,,,1098,916.0,,,,,,,,,,
468,812,,1456,,,,,,1102,1572.0,,,,,,,,,,
469,1088,,382,,,,,,1103,2100.0,,,,,,,,,,
470,805,,177,,,,,,1109,2045.0,,,,,,,,,,
471,1769,,851,,,,,,1110,1736.0,,,,,,,,,,
472,1810,,378,,,,,,1111,242.0,,,,,,,,,,
473,195,,1773,,,,,,1114,470.0,,,,,,,,,,
474,1775,,171,,,,,,1117,1761.0,,,,,,,,,,
475,1043,,153,,,,,,1121,1695.0,,,,,,,,,,
476,94,,575,,,,,,1130,724.0,,,,,,,,,,
477,1205,,607,,,,,,1135,885.0,,,,,,,,,,
478,1695,,1366,,,,,,1141,322.0,,,,,,,,,,
479,1581,,2128,,,,,,1146,1452.0,,,,,,,,,,
480,468,,559,,,,,,1162,969.0,,,,,,,,,,
481,72,,1025,,,,,,1168,961.0,,,,,,,,,,
482,876,,262,,,,,,1169,1735.0,,,,,,,,,,
483,614,,1967,,,,,,1170,1659.0,,,,,,,,,,
484,2100,,1763,,,,,,1176,29.0,,,,,,,,,,
485,1569,,763,,,,,,1189,1629.0,,,,,,,,,,
486,31,,20,,,,,,1193,935.0,,,,,,,,,,
487,765,,1143,,,,,,1197,2020.0,,,,,,,,,,
488,425,,1170,,,,,,1198,758.0,,,,,,,,,,
489,721,,1854,,,,,,1206,57.0,,,,,,,,,,
490,75,,1031,,,,,,1208,1957.0,,,,,,,,,,
491,1795,,1845,,,,,,1211,963.0,,,,,,,,,,
492,1355,,233,,,,,,1217,1033.0,,,,,,,,,,
493,37,,191,,,,,,1222,643.0,,,,,,,,,,
494,306,,1001,,,,,,1223,468.0,,,,,,,,,,
495,637,,1796,,,,,,1229,1801.0,,,,,,,,,,
496,1155,,1358,,,,,,1230,1164.0,,,,,,,,,,
497,1952,,1669,,,,,,1253,1769.0,,,,,,,,,,
498,1436,,2096,,,,,,1266,884.0,,,,,,,,,,
499,157,,1460,,,,,,1268,1511.0,,,,,,,,,,
500,1005,,687,,,,,,1270,1787.0,,,,,,,,,,
501,1840,,1091,,,,,,1272,1946.0,,,,,,,,,,
502,619,,1013,,,,,,1285,1364.0,,,,,,,,,,
503,1178,,594,,,,,,1286,1678.0,,,,,,,,,,
504,1954,,150,,,,,,1297,1207.0,,,,,,,,,,
505,699,,339,,,,,,1300,328.0,,,,,,,,,,
506,1006,,832,,,,,,1302,1248.0,,,,,,,,,,
507,85,,1661,,,,,,1307,794.0,,,,,,,,,,
508,1298,,895,,,,,,1309,560.0,,,,,,,,,,
509,1804,,499,,,,,,1314,840.0,,,,,,,,,,
510,1503,,261,,,,,,1319,864.0,,,,,,,,,,
511,1611,,253,,,,,,1323,1457.0,,,,,,,,,,
512,532,,24,,,,,,1324,1467.0,,,,,,,,,,
513,1295,,674,,,,,,1335,713.0,,,,,,,,,,
514,1209,,502,,,,,,1336,1910.0,,,,,,,,,,
515,1701,,1061,,,,,,1337,1185.0,,,,,,,,,,
516,458,,434,,,,,,1340,1284.0,,,,,,,,,,
517,1598,,1482,,,,,,1341,1191.0,,,,,,,,,,
518,135,,1616,,,,,,1342,2141.0,,,,,,,,,,
519,692,,1710,,,,,,1344,196.0,,,,,,,,,,
520,877,,788,,,,,,1350,614.0,,,,,,,,,,
521,538,,208,,,,,,1358,980.0,,,,,,,,,,
522,694,,1960,,,,,,1363,846.0,,,,,,,,,,
523,647,,1037,,,,,,1365,1794.0,,,,,,,,,,
524,1879,,759,,,,,,1366,186.0,,,,,,,,,,
525,1843,,1274,,,,,,1369,699.0,,,,,,,,,,
526,1158,,115,,,,,,1376,168.0,,,,,,,,,,
527,250,,610,,,,,,1383,1943.0,,,,,,,,,,
528,13,,1470,,,,,,1384,1414.0,,,,,,,,,,
529,804,,435,,,,,,1391,1838.0,,,,,,,,,,
530,2017,,1255,,,,,,1392,1473.0,,,,,,,,,,
531,1148,,1842,,,,,,1393,728.0,,,,,,,,,,
532,749,,143,,,,,,1404,471.0,,,,,,,,,,
533,513,,757,,,,,,1405,1811.0,,,,,,,,,,
534,1139,,355,,,,,,1409,1585.0,,,,,,,,,,
535,222,,375,,,,,,1410,303.0,,,,,,,,,,
536,631,,973,,,,,,1411,1603.0,,,,,,,,,,
537,1400,,1873,,,,,,1413,1673.0,,,,,,,,,,
538,1426,,2098,,,,,,1416,1848.0,,,,,,,,,,
539,1557,,1614,,,,,,1420,503.0,,,,,,,,,,
540,1003,,1376,,,,,,1421,2004.0,,,,,,,,,,
541,629,,682,,,,,,1423,276.0,,,,,,,,,,
542,1573,,1324,,,,,,1424,782.0,,,,,,,,,,
543,1467,,309,,,,,,1425,950.0,,,,,,,,,,
544,1185,,2021,,,,,,1432,319.0,,,,,,,,,,
545,281,,2076,,,,,,1433,1536.0,,,,,,,,,,
546,1667,,1317,,,,,,1434,1382.0,,,,,,,,,,
547,526,,601,,,,,,1435,547.0,,,,,,,,,,
548,1634,,1690,,,,,,1437,39.0,,,,,,,,,,
549,338,,1628,,,,,,1441,686.0,,,,,,,,,,
550,606,,272,,,,,,1449,257.0,,,,,,,,,,
551,1525,,660,,,,,,1451,2014.0,,,,,,,,,,
552,1937,,1576,,,,,,1453,665.0,,,,,,,,,,
553,1338,,493,,,,,,1456,1583.0,,,,,,,,,,
554,432,,1384,,,,,,1458,1256.0,,,,,,,,,,
555,110,,36,,,,,,1461,678.0,,,,,,,,,,
556,1306,,411,,,,,,1464,1187.0,,,,,,,,,,
557,950,,1461,,,,,,1469,618.0,,,,,,,,,,
558,985,,536,,,,,,1470,1561.0,,,,,,,,,,
559,166,,1311,,,,,,1477,478.0,,,,,,,,,,
560,1086,,739,,,,,,1482,1770.0,,,,,,,,,,
561,82,,697,,,,,,1483,51.0,,,,,,,,,,
562,419,,161,,,,,,1484,85.0,,,,,,,,,,
563,279,,1339,,,,,,1487,365.0,,,,,,,,,,
564,81,,217,,,,,,1491,589.0,,,,,,,,,,
565,1893,,79,,,,,,1494,1105.0,,,,,,,,,,
566,3,,2042,,,,,,1495,688.0,,,,,,,,,,
567,1157,,1223,,,,,,1500,2143.0,,,,,,,,,,
568,557,,1146,,,,,,1502,1178.0,,,,,,,,,,
569,2086,,1965,,,,,,1505,1636.0,,,,,,,,,,
570,1829,,1045,,,,,,1521,298.0,,,,,,,,,,
571,786,,33,,,,,,1530,1334.0,,,,,,,,,,
572,1585,,584,,,,,,1531,1018.0,,,,,,,,,,
573,840,,1119,,,,,,1534,1791.0,,,,,,,,,,
574,1134,,1586,,,,,,1539,250.0,,,,,,,,,,
575,1985,,1902,,,,,,1540,714.0,,,,,,,,,,
576,1301,,1496,,,,,,1542,899.0,,,,,,,,,,
577,1693,,1777,,,,,,1548,1403.0,,,,,,,,,,
578,307,,2108,,,,,,1549,1288.0,,,,,,,,,,
579,1036,,1505,,,,,,1550,106.0,,,,,,,,,,
580,1929,,2012,,,,,,1551,1354.0,,,,,,,,,,
581,957,,984,,,,,,1555,92.0,,,,,,,,,,
582,1608,,366,,,,,,1558,2068.0,,,,,,,,,,
583,120,,1441,,,,,,1566,157.0,,,,,,,,,,
584,470,,592,,,,,,1570,1003.0,,,,,,,,,,
585,737,,372,,,,,,1571,2025.0,,,,,,,,,,
586,2038,,2011,,,,,,1574,486.0,,,,,,,,,,
587,1381,,1341,,,,,,1576,1388.0,,,,,,,,,,
588,527,,1895,,,,,,1578,803.0,,,,,,,,,,
589,182,,566,,,,,,1579,1512.0,,,,,,,,,,
590,106,,1951,,,,,,1586,1693.0,,,,,,,,,,
591,624,,1272,,,,,,1595,1746.0,,,,,,,,,,
592,886,,1217,,,,,,1605,1865.0,,,,,,,,,,
593,1664,,1780,,,,,,1607,492.0,,,,,,,,,,
594,1655,,2104,,,,,,1610,1338.0,,,,,,,,,,
595,802,,1916,,,,,,1614,1637.0,,,,,,,,,,
596,1805,,1618,,,,,,1618,1126.0,,,,,,,,,,
597,1473,,1153,,,,,,1623,621.0,,,,,,,,,,
598,1848,,318,,,,,,1626,962.0,,,,,,,,,,
599,1486,,776,,,,,,1628,1940.0,,,,,,,,,,
600,1248,,224,,,,,,1633,71.0,,,,,,,,,,
601,42,,1836,,,,,,1635,1330.0,,,,,,,,,,
602,354,,744,,,,,,1642,2132.0,,,,,,,,,,
603,1044,,495,,,,,,1644,955.0,,,,,,,,,,
604,344,,628,,,,,,1650,1242.0,,,,,,,,,,
605,1105,,1911,,,,,,1651,941.0,,,,,,,,,,
606,918,,729,,,,,,1661,817.0,,,,,,,,,,
607,1692,,1365,,,,,,1665,27.0,,,,,,,,,,
608,1224,,1285,,,,,,1669,1370.0,,,,,,,,,,
609,186,,1877,,,,,,1677,1006.0,,,,,,,,,,
610,1912,,1788,,,,,,1686,1273.0,,,,,,,,,,
611,364,,463,,,,,,1690,2115.0,,,,,,,,,,
612,980,,1959,,,,,,1691,1909.0,,,,,,,,,,
613,890,,719,,,,,,1702,1398.0,,,,,,,,,,
614,302,,1815,,,,,,1707,859.0,,,,,,,,,,
615,1033,,1393,,,,,,1718,288.0,,,,,,,,,,
616,1592,,1826,,,,,,1724,1389.0,,,,,,,,,,
617,897,,949,,,,,,1725,2095.0,,,,,,,,,,
618,268,,1495,,,,,,1732,1281.0,,,,,,,,,,
619,1498,,615,,,,,,1733,1032.0,,,,,,,,,,
620,1187,,764,,,,,,1748,1581.0,,,,,,,,,,
621,342,,1926,,,,,,1749,1151.0,,,,,,,,,,
622,795,,442,,,,,,1754,1515.0,,,,,,,,,,
623,1174,,1828,,,,,,1755,229.0,,,,,,,,,,
624,235,,1435,,,,,,1758,785.0,,,,,,,,,,
625,397,,210,,,,,,1760,159.0,,,,,,,,,,
626,496,,769,,,,,,1764,436.0,,,,,,,,,,
627,512,,741,,,,,,1778,54.0,,,,,,,,,,
628,519,,485,,,,,,1780,340.0,,,,,,,,,,
629,172,,1677,,,,,,1782,1553.0,,,,,,,,,,
630,1479,,1258,,,,,,1785,683.0,,,,,,,,,,
631,2006,,1732,,,,,,1788,720.0,,,,,,,,,,
632,991,,904,,,,,,1793,28.0,,,,,,,,,,
633,1652,,359,,,,,,1796,622.0,,,,,,,,,,
634,1641,,731,,,,,,1798,1944.0,,,,,,,,,,
635,976,,1782,,,,,,1803,1475.0,,,,,,,,,,
636,1663,,626,,,,,,1806,1236.0,,,,,,,,,,
637,1201,,491,,,,,,1814,1454.0,,,,,,,,,,
638,316,,321,,,,,,1815,62.0,,,,,,,,,,
639,428,,472,,,,,,1817,1569.0,,,,,,,,,,
640,144,,850,,,,,,1821,254.0,,,,,,,,,,
641,402,,1803,,,,,,1822,1876.0,,,,,,,,,,
642,2027,,38,,,,,,1824,1320.0,,,,,,,,,,
643,2115,,301,,,,,,1826,1598.0,,,,,,,,,,
644,1738,,814,,,,,,1828,287.0,,,,,,,,,,
645,743,,1375,,,,,,1831,263.0,,,,,,,,,,
646,753,,1117,,,,,,1836,576.0,,,,,,,,,,
647,503,,1102,,,,,,1842,2022.0,,,,,,,,,,
648,158,,1098,,,,,,1844,582.0,,,,,,,,,,
649,327,,109,,,,,,1845,619.0,,,,,,,,,,
650,492,,1821,,,,,,1854,795.0,,,,,,,,,,
651,1630,,450,,,,,,1856,556.0,,,,,,,,,,
652,129,,1900,,,,,,1857,603.0,,,,,,,,,,
653,1279,,1568,,,,,,1863,1768.0,,,,,,,,,,
654,1938,,2122,,,,,,1870,804.0,,,,,,,,,,
655,531,,55,,,,,,1871,1657.0,,,,,,,,,,
656,2004,,1176,,,,,,1872,1440.0,,,,,,,,,,
657,1389,,1694,,,,,,1873,389.0,,,,,,,,,,
658,97,,2040,,,,,,1877,679.0,,,,,,,,,,
659,328,,1319,,,,,,1883,1557.0,,,,,,,,,,
660,511,,200,,,,,,1886,834.0,,,,,,,,,,
661,1790,,1391,,,,,,1887,1148.0,,,,,,,,,,
662,683,,1724,,,,,,1890,1481.0,,,,,,,,,,
663,1767,,781,,,,,,1891,338.0,,,,,,,,,,
664,1320,,212,,,,,,1895,377.0,,,,,,,,,,
665,2078,,405,,,,,,1900,1504.0,,,,,,,,,,
666,934,,280,,,,,,1902,721.0,,,,,,,,,,
667,942,,1502,,,,,,1907,606.0,,,,,,,,,,
668,1735,,46,,,,,,1911,1308.0,,,,,,,,,,
669,1561,,1978,,,,,,1914,1004.0,,,,,,,,,,
670,1975,,1222,,,,,,1916,1073.0,,,,,,,,,,
671,989,,1870,,,,,,1924,1792.0,,,,,,,,,,
672,264,,1396,,,,,,1925,246.0,,,,,,,,,,
673,723,,226,,,,,,1926,1108.0,,,,,,,,,,
674,998,,1832,,,,,,1928,755.0,,,,,,,,,,
675,935,,1405,,,,,,1930,1245.0,,,,,,,,,,
676,1708,,1987,,,,,,1948,120.0,,,,,,,,,,
677,1966,,284,,,,,,1951,976.0,,,,,,,,,,
678,1002,,545,,,,,,1953,743.0,,,,,,,,,,
679,1789,,1350,,,,,,1955,520.0,,,,,,,,,,
680,587,,239,,,,,,1960,1668.0,,,,,,,,,,
681,113,,315,,,,,,1961,1934.0,,,,,,,,,,
682,487,,857,,,,,,1962,77.0,,,,,,,,,,
683,882,,1404,,,,,,1964,705.0,,,,,,,,,,
684,1408,,1635,,,,,,1967,1385.0,,,,,,,,,,
685,858,,164,,,,,,1978,464.0,,,,,,,,,,
686,393,,1570,,,,,,1984,346.0,,,,,,,,,,
687,422,,809,,,,,,1989,98.0,,,,,,,,,,
688,1463,,127,,,,,,1994,650.0,,,,,,,,,,
689,1716,,30,,,,,,1997,933.0,,,,,,,,,,
690,1868,,761,,,,,,2001,1559.0,,,,,,,,,,
691,2045,,1539,,,,,,2002,1738.0,,,,,,,,,,
692,1646,,2054,,,,,,2011,438.0,,,,,,,,,,
693,1819,,611,,,,,,2012,44.0,,,,,,,,,,
694,825,,1846,,,,,,2018,897.0,,,,,,,,,,
695,390,,1130,,,,,,2021,1089.0,,,,,,,,,,
696,98,,1707,,,,,,2024,959.0,,,,,,,,,,
697,53,,1410,,,,,,2028,102.0,,,,,,,,,,
698,1348,,1755,,,,,,2032,332.0,,,,,,,,,,
699,1051,,1342,,,,,,2040,418.0,,,,,,,,,,
700,242,,873,,,,,,2042,1064.0,,,,,,,,,,
701,62,,1857,,,,,,2044,424.0,,,,,,,,,,
702,1173,,83,,,,,,2054,137.0,,,,,,,,,,
703,613,,522,,,,,,2056,130.0,,,,,,,,,,
704,337,,562,,,,,,2065,875.0,,,,,,,,,,
705,1057,,443,,,,,,2066,138.0,,,,,,,,,,
706,154,,1566,,,,,,2070,1167.0,,,,,,,,,,
707,912,,506,,,,,,2074,1835.0,,,,,,,,,,
708,1624,,1494,,,,,,2076,1408.0,,,,,,,,,,
709,1787,,1872,,,,,,2077,400.0,,,,,,,,,,
710,343,,1421,,,,,,2079,13.0,,,,,,,,,,
711,412,,730,,,,,,2089,90.0,,,,,,,,,,
712,1328,,2133,,,,,,2092,1810.0,,,,,,,,,,
713,1709,,1551,,,,,,2094,1283.0,,,,,,,,,,
714,1901,,21,,,,,,2096,653.0,,,,,,,,,,
715,603,,213,,,,,,2104,182.0,,,,,,,,,,
716,987,,238,,,,,,2105,342.0,,,,,,,,,,
717,713,,6,,,,,,2108,754.0,,,,,,,,,,
718,305,,636,,,,,,2109,816.0,,,,,,,,,,
